Workbook

Sheet DATOS
A1: Producto | B1: Cantidad | C1: precio compra x u | D1: Precio base | E1: precio comprado | F1: total cantidad preciobase | H1: producto vendidos | I1: precio vendido
A2: Lapiz ojos (azul) | B2: 2 | C2: 3 | D2: 6 | F2: =B2*D2 -> 12 | H2: Ice combo | I2: 10
A3: Lapiz de ojos (negro) | B3: 3 | C3: 2.5 | D3: 5.5 | F3: =B3*D3 -> 16.5 | H3: lapiz ojos negros | I3: 5.5
A4: Pestañina | B4: 5 | C4: 4 | D4: 6.5 | F4: =B4*D4 -> 32.5 | H4: combo completo | I4: 24.9
A5: Lapiz de labios (rojo) | B5: 2 | C5: 3 | D5: 6 | F5: =B5*D5 -> 12 | H5: labiales | I5: 15
A6: Lapiz de labios (café) | B6: 3 | C6: 2.5 | D6: 5 | F6: =B6*D6 -> 15 | H6: lapiz ojos negros | I6: 5.5
A7: Labial (rojo) | B7: 2 | C7: 4 | D7: 7 | F7: =B7*D7 -> 14 | H7: labial | I7: 5.3
A8: Labial (Rosado) | B8: 2 | C8: 4 | D8: 7 | F8: =B8*D8 -> 14 | H8: gloss | I8: 6
A9: Labial (Morado) | B9: 1 | C9: 4.5 | D9: 8 | F9: =B9*D9 -> 8 | H9: combo pequeño | I9: 10
A10: Gloss (morado) | B10: 2 | C10: 3.5 | D10: 6 | F10: =B10*D10 -> 12 | H10: gloss | I10: 3
A11: Gloss (rojo) | B11: 1 | C11: 3 | D11: 6 | F11: =B11*D11 -> 6 | H11: labial | I11: 3
A12: Gloss (azul) | B12: 2 | C12: 3.5 | D12: 6 | F12: =B12*D12 -> 12
A13: Paquetes | B13: 15 | F13: =B13*D13 -> 0
A14: Lip combo | B14: 5 | C14: 8.5 | D14: 18.9 | F14: =B14*D14 -> 94.5
A15: Eyes combo | B15: 5 | C15: 3 | D15: 10 | F15: =B15*D15 -> 50
A16: Combo completo | B16: 5 | C16: 13 | D16: 26.9 | F16: =B16*D16 -> 134.5

Sheet LIMPIEZA
A1: clientes | B1: id_producto vendido | C1: referencia de compra | D1: producto | E1: precio vendido | F1: precio real | G1: diferencia | H1: porcentaje de descuento
A2: 1004827315 | B2: 1234 | C2: 111123 | D2: Eyes combo(paquete 2) | E2: 10 | F2: 10 | G2: =F2-E2 -> 0 | H2: =(G2/F2)*100% -> 0
A3: 1037592846 | B3: 1235 | C3: 111124 | D3: Lapiz de ojos(negro) | E3: 5.5 | F3: 5.5 | G3: =F3-E3 -> 0 | H3: =(G3/F3)*100% -> 0
A4: 1016284937 | B4: 1236 | C4: 111125 | D4: Lapiz de ojos(negro) | E4: 5.5 | F4: 5.5 | G4: =F4-E4 -> 0 | H4: =(G4/F4)*100% -> 0
A5: 1073946258 | B5: 1237 | C5: 111126 | D5: Combo completo(paquete 3) | E5: 24.9 | F5: 26.9 | G5: =F5-E5 -> 2 | H5: =(G5/F5)*100% -> 0.074349442
A6: 1028467153 | B6: 1238 | C6: 111127 | D6: Labial(rojo) | E6: 5 | F6: 7 | G6: =F6-E6 -> 2 | H6: =(G6/F6)*100% -> 0.28571429
A7: 1057319482 | B7: 1239 | C7: 111128 | D7: Labial(rosado) | E7: 5 | F7: 7 | G7: =F7-E7 -> 2 | H7: =(G7/F7)*100% -> 0.28571429
A8: 1092846371 | B8: 1230 | C8: 111129 | D8: Labial(morado) | E8: 5 | F8: 8 | G8: =F8-E8 -> 3 | H8: =(G8/F8)*100% -> 0.375
A9: 1046938275 | B9: 2234 | C9: 111120 | D9: Labial(morado) | E9: 5.3 | F9: 8 | G9: =F9-E9 -> 2.7 | H9: =(G9/F9)*100% -> 0.3375
A10: 1065183749 | B10: 2235 | C10: 111223 | D10: Gloss(azul) | E10: 6 | F10: 6 | G10: =F10-E10 -> 0 | H10: =(G10/F10)*100% -> 0
A11: 1083726154 | B11: 2236 | C11: 111224 | D11: Eyes combo(paquete 2) | E11: 10 | F11: 10 | G11: =F11-E11 -> 0 | H11: =(G11/F11)*100% -> 0
A12: =A2 -> 1004827315 | B12: 2237 | C12: 111225 | D12: Gloss(rojo) | E12: 3 | F12: 6 | G12: =F12-E12 -> 3 | H12: =(G12/F12)*100% -> 0.5
A13: =A11 -> 1083726154 | B13: 2238 | C13: 111226 | D13: Labial(Rosado) | E13: 3 | F13: 7 | G13: =F13-E13 -> 4 | H13: =(G13/F13)*100% -> 0.57142857
A14: =A9 -> 1046938275 | B14: 2239 | C14: 111227 | D14: Lip combo(paquete 1) | E14: 16 | F14: 18.9 | G14: =F14-E14 -> 2.9 | H14: =(G14/F14)*100% -> 0.15343915
A15: =A10 -> 1065183749 | B15: 2230 | C15: 111228 | D15: Lip combo(paquete 1) | E15: 15.8 | F15: 18.9 | G15: =F15-E15 -> 3.1 | H15: =(G15/F15)*100% -> 0.16402116
A16: =A8 -> 1092846371 | B16: 3234 | C16: 111229 | D16: Eyes combo(paquete 2) | E16: 10 | F16: 10 | G16: =F16-E16 -> 0 | H16: =(G16/F16)*100% -> 0
A17: =A5 -> 1073946258 | B17: 3235 | C17: 111220 | D17: Eyes combo(paquete 2) | E17: 8.9 | F17: 10 | G17: =F17-E17 -> 1.1 | H17: =(G17/F17)*100% -> 0.11
A18: =A5 -> 1073946258 | B18: 3236 | C18: 112323 | D18: Combo completo(paquete 3) | E18: 25.9 | F18: 26.9 | G18: =F18-E18 -> 1 | H18: =(G18/F18)*100% -> 0.037174721
A19: =A6 -> 1028467153 | B19: 3237 | C19: 112324 | D19: Combo completo(paquete 3) | E19: 26.9 | F19: 26.9 | G19: =F19-E19 -> 0 | H19: =(G19/F19)*100% -> 0
A20: =A3 -> 1037592846 | B20: 3238 | C20: 112325 | D20: Lapiz de ojos(azul) | E20: 2.5 | F20: 6 | G20: =F20-E20 -> 3.5 | H20: =(G20/F20)*100% -> 0.58333333
A21: =A2 -> 1004827315 | B21: 3239 | C21: 112326 | D21: Lapiz de ojos(azul) | E21: 2.5 | F21: 6 | G21: =F21-E21 -> 3.5 | H21: =(G21/F21)*100% -> 0.58333333
B24: id_producto vendido | C24: referencia de compra
A25: DUPLICADOS | B25: =COUNTIF(A2:A21,A2:A21)>1 -> FALSE | C25: =COUNTIF(B2:B21,B2:B21)>1 -> FALSE
B26: clientes | C26: id_producto vendido | D26: referencia de compra | E26: producto | F26: precio vendido | G26: precio real | H26: diferencia
A27: VACIO | B27: =COUNTBLANK(B2:B21) -> 0 | C27: =COUNTBLANK(B1:B21) -> 0 | D27: =COUNTBLANK(C1:C21) -> 0 | E27: =COUNTBLANK(D1:D21) -> 0 | F27: =COUNTBLANK(E1:E21) -> 0 | G27: =COUNTBLANK(F1:F21) -> 0 | H27: =COUNTBLANK(G1:G21) -> 0

Sheet UNIVARIADO
A1: PRECIO VENDIDO | D1: PRECIO REAL | G1: DIFERENCIA | J1: DESCUENTO
A2: Estadístico | B2: Resultado | D2: Estadístico | E2: Resultado | G2: Estadístico | H2: Resultado | J2: Estadístico | K2: Resultado
A3: Conteo | B3: =COUNT(LIMPIEZA!E2:E21) -> 20 | D3: Conteo | E3: =COUNT(LIMPIEZA!F2:F21) -> 20 | G3: Conteo | H3: =COUNT(LIMPIEZA!G2:G21) -> 20 | J3: Conteo | K3: =COUNT(LIMPIEZA!H2:H21) -> 20
A4: Promedio | B4: =AVERAGE(LIMPIEZA!E2:E21) -> 9.835 | D4: Promedio | E4: =AVERAGE(LIMPIEZA!F2:F21) -> 11.525 | G4: Promedio | H4: =AVERAGE(LIMPIEZA!G2:G21) -> 1.69 | J4: Promedio | K4: =AVERAGE(LIMPIEZA!H2:H21) -> 0.20305041
A5: Mediana | B5: =MEDIAN(LIMPIEZA!E2:E21) -> 5.75 | D5: Mediana | E5: =MEDIAN(LIMPIEZA!F2:F21) -> 8 | G5: Mediana | H5: =MEDIAN(LIMPIEZA!G2:G21) -> 2 | J5: Mediana | K5: =MEDIAN(LIMPIEZA!H2:H21) -> 0.13171958
A6: Mínimo | B6: =MIN(LIMPIEZA!E2:E21) -> 2.5 | D6: Mínimo | E6: =MIN(LIMPIEZA!F2:F21) -> 5.5 | G6: Mínimo | H6: =MIN(LIMPIEZA!G2:G21) -> 0 | J6: Mínimo | K6: =MIN(LIMPIEZA!H2:H21) -> 0
A7: Máximo | B7: =MAX(LIMPIEZA!E2:E21) -> 26.9 | D7: Máximo | E7: =MAX(LIMPIEZA!F2:F21) -> 26.9 | G7: Máximo | H7: =MAX(LIMPIEZA!G2:G21) -> 4 | J7: Máximo | K7: =MAX(LIMPIEZA!H2:H21) -> 0.58333333
A8: Desviación estándar | B8: =_xlfn.STDEV.S(LIMPIEZA!E2:E21) -> 7.9300411 | D8: Desviación estándar | E8: =_xlfn.STDEV.S(LIMPIEZA!F2:F21) -> 7.637296 | G8: Desviación estándar | H8: =_xlfn.STDEV.S(LIMPIEZA!G2:G21) -> 1.467149 | J8: Desviación estándar | K8: =_xlfn.STDEV.S(LIMPIEZA!H2:H21) -> 0.2200179
A9: Varianza | B9: =_xlfn.VAR.S(LIMPIEZA!E2:E21) -> 62.885553 | D9: Varianza | E9: =_xlfn.VAR.S(LIMPIEZA!F2:F21) -> 58.328289 | G9: Varianza | H9: =_xlfn.VAR.S(LIMPIEZA!G2:G21) -> 2.1525263 | J9: Varianza | K9: =_xlfn.VAR.S(LIMPIEZA!H2:H21) -> 0.048407875
A10: moda | B10: =INDEX(LIMPIEZA!D2:D21,_xlfn.MODE.SNGL(MATCH(LIMPIEZA!D2:D21,LIMPIEZA!D2:D21,0))) -> Eyes combo(paquete 2)

Sheet BIVARIADO
A2: Producto | B2: Precio promedio vendido
A3: Eyes combo(paquete 2) | B3: =AVERAGE(LIMPIEZA!E2,LIMPIEZA!E16,LIMPIEZA!E17,LIMPIEZA!E11) -> 9.725
A4: Lapiz de ojos(negro) | B4: =AVERAGE(LIMPIEZA!E3,LIMPIEZA!D4) -> 5.5
A5: Combo completo(paquete 3) | B5: =AVERAGE(LIMPIEZA!E18,LIMPIEZA!E19,LIMPIEZA!E5) -> 25.9
A6: Labial(rojo) | B6: =AVERAGE(LIMPIEZA!E6) -> 5
A7: Labial(rosado) | B7: =AVERAGE(LIMPIEZA!E7) -> 5
A8: Labial(morado) | B8: =AVERAGE(LIMPIEZA!E8,LIMPIEZA!E9) -> 5.15
A9: Gloss(azul) | B9: =AVERAGE(LIMPIEZA!E10) -> 6
A10: Gloss(rojo) | B10: =AVERAGE(LIMPIEZA!E12) -> 3
A11: Lip combo(paquete 1) | B11: =AVERAGE(LIMPIEZA!E14,LIMPIEZA!E15) -> 15.9
A12: Lapiz de ojos(azul) | B12: =AVERAGE(LIMPIEZA!E20,LIMPIEZA!E21) -> 2.5
A14: Cliente | B14: Total gastado por cliente
A15: i_d 1004827315 | B15: =LIMPIEZA!E2+LIMPIEZA!E12+LIMPIEZA!E21 -> 15.5
A16: i_d 1037592846 | B16: =LIMPIEZA!E3+LIMPIEZA!E20 -> 8
A17: i_d 1016284937 | B17: =LIMPIEZA!E4 -> 5.5
A18: i_d 1073946258 | B18: =LIMPIEZA!E5+LIMPIEZA!E17+LIMPIEZA!E18 -> 59.7
A19: i_d 1028467153 | B19: =LIMPIEZA!E6+LIMPIEZA!E19 -> 31.9
A20: i_d 1057319482 | B20: =LIMPIEZA!E7 -> 5
A21: i_d 1092846371 | B21: =LIMPIEZA!E8+LIMPIEZA!E16 -> 15
A22: i_d 1046938275 | B22: =LIMPIEZA!E9+LIMPIEZA!E14 -> 21.3
A23: i_d 1065183749 | B23: =LIMPIEZA!E10+LIMPIEZA!E15 -> 21.8
A24: i_d 1083726154 | B24: =LIMPIEZA!E11+LIMPIEZA!E13 -> 13
A26: Cliente | B26: Total gastado por cliente | C26: total sin descuentos
A27: i_d 1004827315 | B27: =B15 -> 15.5 | C27: =LIMPIEZA!F2+LIMPIEZA!F12+LIMPIEZA!F21 -> 22
A28: i_d 1037592846 | B28: =B16 -> 8 | C28: =LIMPIEZA!F3+LIMPIEZA!F20 -> 11.5
A29: i_d 1016284937 | B29: =B17 -> 5.5 | C29: =LIMPIEZA!F4 -> 5.5
A30: i_d 1073946258 | B30: =B18 -> 59.7 | C30: =LIMPIEZA!F5+LIMPIEZA!F17+LIMPIEZA!F18 -> 63.8
A31: i_d 1028467153 | B31: =B19 -> 31.9 | C31: =LIMPIEZA!F6+LIMPIEZA!F19 -> 33.9
A32: i_d 1057319482 | B32: =B20 -> 5 | C32: =LIMPIEZA!F7 -> 7
A33: i_d 1092846371 | B33: =B21 -> 15 | C33: =LIMPIEZA!F8+LIMPIEZA!F16 -> 18
A34: i_d 1046938275 | B34: =B22 -> 21.3 | C34: =LIMPIEZA!F9+LIMPIEZA!F14 -> 26.9
A35: i_d 1065183749 | B35: =B23 -> 21.8 | C35: =LIMPIEZA!F10+LIMPIEZA!F15 -> 24.9
A36: i_d 1083726154 | B36: =B24 -> 13 | C36: =LIMPIEZA!F11+LIMPIEZA!F13 -> 17

Sheet CORRELACIÓN
A1: Precio real | B1: Precio vendido
A2: 10 | B2: 10
A3: 5.5 | B3: 5.5
A4: 5.5 | B4: 5.5
A5: 26.9 | B5: 24.9
A6: 7 | B6: 5
A7: 7 | B7: 5
A8: 8 | B8: 5
A9: 8 | B9: 5.3
A10: 6 | B10: 6
A11: 10 | B11: 10
A12: 6 | B12: 3
A13: 7 | B13: 3
... A21: 6 | B21: 2.5

Sheet CONCLUSIONES
A2: Hallazgo 1 | B2: A partir del análisis exploratorio realizado sobre los datos de ventas, se pudo identificar que existe una relación positiva y muy fuerte entre el precio real de los productos y el precio al que finalmente fueron vendidos. El coeficiente de correlación obtenido fue de aproximadamente 0,983, lo que indica que los productos con mayor precio real tienden a conservar también un mayor precio de venta.
A4: Hallazgo 2 | B4: e encontró que el precio promedio de venta fue de 9,835, mientras que el precio real promedio fue de 11,525. La diferencia promedio de 1,69 evidencia que las ventas se realizaron, en general, aplicando descuentos. El descuento promedio fue aproximadamente del 20,3 %, aunque este comportamiento no fue uniforme, ya que algunos productos no tuvieron descuento y otros alcanzaron descuentos superiores al 50 %.
A6: Hipótesis a validar | B6: Existe una relación positiva y significativa entre el precio real de un producto y su precio de venta; es decir, los productos con mayor precio real tienden a presentar mayores precios de venta.
